{"Overall loss": 7158960.51953125, "_timestamp": 1715905945.0340471, "_runtime": 30.07433009147644, "_step": 2399, "Average Loss": 119.31600865885417, "_wandb": {"runtime": 28}}
